{
  "project_info": {
    "project_number": "102337995441",
    "project_id": "ssecon-886a2",
    "storage_bucket": "ssecon-886a2.firebasestorage.app"
  },
  "client": [
    {
      "client_info": {
        "mobilesdk_app_id": "1:102337995441:android:ffaec1c7a88b357cc3b890",
        "android_client_info": {
          "package_name": "com.example.two"
        }
      },
      "oauth_client": [],
      "api_key": [
        {
          "current_key": "AIzaSyDL8LP-TmYx6q0uwL-6dXe2sibnlJkHFQc"
        }
      ],
      "services": {
        "appinvite_service": {
          "other_platform_oauth_client": []
        }
      }
    }
  ],
  "configuration_version": "1"
}